company,company_en,brand,products,position
元智大學,YUAN ZE UNIVERSITY,,,"一館1F             
                                                                                       B0836
                                                                                   "
台灣發明協會,TAIWAN INVENTORS ASSOCIATION,,,"一館1F             
                                                                                       A0535a
                                                                                   "
財團法人車輛研究測試中心,AUTOMOTIVE RESEARCH & TESTING CENTER,,,"一館1F             
                                                                                       A0205a
                                                                                   "
財團法人紡織產業綜合研究所,TAIWAN TEXTILE RESEARCH INSTITUTE,B2F,,"一館1F             
                                                                                       A0425a
                                                                                   "
行政院原子能委員會核能研究所,"INSTITUTE OF NUCLEAR ENERGY RESEARCH ATOMIC ENERGY COUNCIL, EXECUTIVE YUAN",,,"一館1F             
                                                                                       A0507a
                                                                                   "
中華學校財團法人中華科技大學,CHINA UNIVERSITY OF SCIENCE AND TECHNOLOGY,,,"一館1F             
                                                                                       B1120
                                                                                   "
台灣基督長老教會馬偕醫療財團法人 馬偕紀念醫院,MACKAY MEMORIAL HOSPITAL,,,"一館1F             
                                                                                       A0503a
                                                                                   "
國立臺灣科技大學,NATIONAL TAIWAN UNIVERSITY OF SCIENCE AND TECHNOLOGY,,,"一館1F             
                                                                                       B0816
                                                                                   "
華家鋁業股份有限公司,"HWA CHIA ALUMINUM CO., LTD",,,"一館1F             
                                                                                       A0114
                                                                                   "
財團法人資訊工業策進會,INSTITUTE FOR INFORMATION INDUSTRY,iServICE,,"一館1F             
                                                                                       A0222
                                                                                   "
貿彥企業有限公司,"TAIGULF CO., LTD.",GP／普睿,,"一館1F             
                                                                                       A0410
                                                                                   "
大葉大學,DA-YEH UNIVERSITY,,,"一館1F             
                                                                                       B0930
                                                                                   "
國立雲林科技大學,NATIONAL YUNLIN UNIVERSITY OF SCIENCE AND TECHNOLOGY,,,"一館1F             
                                                                                       B0918
                                                                                   "
國立成功大學醫學院附設醫院,NATIONAL CHENG KUNG UNIVERSITY HOSPITAL,,,"一館1F             
                                                                                       B0616
                                                                                   "
長榮大學,CHANG JUNG CHRISTIAN UNIVERSITY,,,"一館1F             
                                                                                       B0919
                                                                                   "
美荷企業有限公司,"EXQUIS ENTERPRISES CO., LTD.",EXQUIS,,"一館1F             
                                                                                       B0517a
                                                                                   "
義守大學,I-SHOU UNIVERSITY,,,"一館1F             
                                                                                       B0724
                                                                                   "
高苑科技大學,KAO YUAN UNIVERSITY,,,"一館1F             
                                                                                       B0610
                                                                                   "
慈濟學校財團法人慈濟科技大學,TZU CHI UNIVERSITY OF SCIENCE AND TECHNOLOGY,,,"一館1F             
                                                                                       B1226
                                                                                   "
高雄榮民總醫院,KAOHSIUNG VETERANS GERNERAL HOSPITAL,,,"一館1F             
                                                                                       A0436
                                                                                   "
立吉照明科技工作室,LEE-JYI LIGHTING TECHNOLOGY FIRM,,,"一館1F             
                                                                                       B0318
                                                                                   "
葡萄王生技股份有限公司,GRAPE KING BIO LTD.,,,"一館1F             
                                                                                       A0308
                                                                                   "
裕器工業股份有限公司,"YUE KI INDUSTRIAL CO., LTD.",,,"一館1F             
                                                                                       B0301
                                                                                   "
璽瑞股份有限公司,SYRIS TECHNOLOGY CORP.,SYRIS,,"一館1F             
                                                                                       A0240
                                                                                   "
英威康科技股份有限公司,"INWELLCOM TECHNOLOGY CO., LTD.",,,"一館1F             
                                                                                       B0122
                                                                                   "
城欣科技股份有限公司,CHERNG SHIN TECHNOLOGY INC.,,,"一館1F             
                                                                                       B0505a
                                                                                   "
大主企業有限公司,"DA ZHU ENTERPRISE CO., LTD.",,,"一館1F             
                                                                                       A0530
                                                                                   "
山竹果生物科技有限公司,"MANGOSTEEN BIOTECHNOLOGY CO., LTD",,,"一館1F             
                                                                                       A0324
                                                                                   "
九晟電子股份有限公司,"JOSN ELECTRONIC CO., LTD.",TYREDOG,,"一館1F             
                                                                                       B0235a
                                                                                   "
精日企業有限公司,"TODAYCOLOR CO.,LTD.",,,"一館1F             
                                                                                       B0421a
                                                                                   "
大同生技有限公司,"TATUNG BIOTECHNOLOGY CO., LTD",,,"一館1F             
                                                                                       B0519a
                                                                                   "
逸能科技有限公司,"E-NENG TECH ENTERPRISE CO., LTD.",E-NENG,,"一館1F             
                                                                                       B0409a
                                                                                   "
哈迪資訊有限公司,"HADY INFORMATION CO., LTD",,,"一館1F             
                                                                                       B0211a
                                                                                   "
意得客超導熱電器科技有限公司,"HEATACT SUPER CONDUCTIVE HEATING TECHNOLOGY CO., LTD.",HEATACT,,"一館1F             
                                                                                       A0124
                                                                                   "
亞洲大學,ASIA UNIVERSITY,,,"一館1F             
                                                                                       B1329
                                                                                   "
中華電信股份有限公司電信研究院,CHUNGHWA TELECOM LABORATORIES,Chunghwa Telecom,,"一館1F             
                                                                                       A0429a
                                                                                   "
台灣國際發明得獎協會,TAIWAN INTERNATIONAL INVENTION AWARD WINNER'S ASSOCIATION,,,"一館1F             
                                                                                       B0622
                                                                                   "
鋒碩自動化股份有限公司,FULL-SHARP,,,"一館1F             
                                                                                       B0402
                                                                                   "
邁多企業有限公司,MYDO ASSOC. CO. LTD.,,,"一館1F             
                                                                                       A0528
                                                                                   "
慶奇企業股份有限公司,KING JIH ENTERPRISE CORP.,CENTRAL,,"一館1F             
                                                                                       A0519a
                                                                                   "
甲上自動控制機械有限公司,"JIASHANG AUTOMATIC CONTROL CO., LTD.",,,"一館1F             
                                                                                       A0235a
                                                                                   "
宏育事業有限公司,"HOMEEY CO.,LTD",,,"一館1F             
                                                                                       B0301a
                                                                                   "
積順企業有限公司,"ZUNG SUNG ENTERPRISE CO., LTD.",ZN,,"一館1F             
                                                                                       B0310
                                                                                   "
光昱金屬有限公司,"KUANG YU METAL WORKING CO., LTD.",masse,,"一館1F             
                                                                                       A0427a
                                                                                   "
主典興業股份有限公司,"TRUE TEN INDUSTRIAL CO., LTD.",主典 TRUE TEN,,"一館1F             
                                                                                       B0118
                                                                                   "
健茂生物科技股份有限公司,"JIANMAO BIOTECH CO., .LTD.",,,"一館1F             
                                                                                       B0231a
                                                                                   "
宏海國際企業有限公司,"E-TRUST MARINE SERVICE (TAIWAN) CO., LTD",,,"一館1F             
                                                                                       A0434
                                                                                   "
想像力多媒體傳播行銷有限公司,"IMAGINATION MULTIMEDIA VISUAL MARKETING., LTD.",,,"一館1F             
                                                                                       A0520
                                                                                   "
志造股份有限公司,AI-RIDER CORPORATION,,,"一館1F             
                                                                                       B0401a
                                                                                   "
貝里斯商宇亮智能膜股份有限公司 台灣分公司,ELITE SMART FILM INC.,,,"一館1F             
                                                                                       A0120
                                                                                   "
英商弗凱爾國際有限公司台灣分公司,FACCIR INTERNATIONAL CO.LTD TAIWAN BRANCH,,,"一館1F             
                                                                                       B0410
                                                                                   "
杰思特企業有限公司,"JESTT RENOVAITON CO., LTD",,,"一館1F             
                                                                                       B0313a
                                                                                   "
升暘科技有限公司,"SUNRISING ECO-FRIENDLY TECH. CO., LTD.",Xbat,,"一館1F             
                                                                                       B0202
                                                                                   "
兆瑞科技有限公司,MEDLION LIFE SCIENCE TECHNOLOGY INC,,,"一館1F             
                                                                                       B0312
                                                                                   "
中華創新發明學會,CHINESE INNOVATION & INVENTION SOCIETY,,,"一館1F             
                                                                                       B0618
                                                                                   "
順環企業行,"SHUN HUAN ENTERPRISE CO.,",,,"一館1F             
                                                                                       B0737
                                                                                   "
易鴻國際科技有限公司,"E-HUANG CO., LTD.",足步天下,,"一館1F             
                                                                                       B0316
                                                                                   "
御賞企業有限公司,"YING SHANG ENTERPRISE CO., LTD.",,,"一館1F             
                                                                                       B0630
                                                                                   "
源星生醫科技股份有限公司,OSTAR MEDITECH CORP.,Ostar,,"一館1F             
                                                                                       B0636
                                                                                   "
玖資訊有限公司,"FOREVER INFORMATION CO., LTD.",恆玖,,"一館1F             
                                                                                       B0320
                                                                                   "
澎錸實業股份有限公司,SLIDING BIKE DEVELOPMENT LTD.,SLIDY BIKE,,"一館1F             
                                                                                       A0409a
                                                                                   "
普萊恩生技股份有限公司,"PRIME BIOTECH CO., LTD",,,"一館1F             
                                                                                       A0405a
                                                                                   "
宇成光電科技有限公司,"CORRIGA TECHNOLOGY CO., LTD.",ISKEN,,"一館1F             
                                                                                       B0518
                                                                                   "
成浩科電股份有限公司,"WINTECH ELECTRIC CO.,LTD",,,"一館1F             
                                                                                       B0513a
                                                                                   "
博宸企業有限公司,"BO CHEN BIOTECHNOLOGY CO., LTD.",,,"一館1F             
                                                                                       B0302
                                                                                   "
匠利實業有限公司,"EASY NEW CO., LTD.",匠好割,,"一館1F             
                                                                                       B0505
                                                                                   "
上億國際資源開發有限公司,"SHANG-E INTERNATIONAL RESOURCE DEVELOPMENT CO., LTD.",,,"一館1F             
                                                                                       A0525a
                                                                                   "
元祿亦有限公司,"YEAN-LU-YI CO., LTD.","YEAN-LU-YI CO., LTD.",,"一館1F             
                                                                                       B0401
                                                                                   "
巧智有限公司,"CHAO ZHI CO., LTD",,,"一館1F             
                                                                                       B0515a
                                                                                   "
存昇泰國際有限公司,TS&T; INTERNATIONAL CORPORATION,,,"一館1F             
                                                                                       B0229a
                                                                                   "
闊腦有限公司,"KUONAO CO., LTD.",KUONAO,,"一館1F             
                                                                                       B0520
                                                                                   "
飛寶創意開發有限公司,"FEIBAO CREATIVE DEVELOPMENT CO.,LTD",,,"一館1F             
                                                                                       A0306
                                                                                   "
人性方程式企業有限公司,"HUMAN NATURE FORMULA ENTERPRISE CO., LTD.",HNF,,"一館1F             
                                                                                       A0134
                                                                                   "
醇酵酐生物科技有限公司,"SEEDS LEGEND BIOTECH CO., LTD",,,"一館1F             
                                                                                       A0422
                                                                                   "
元皓能源股份有限公司高雄分公司,.,,,"一館1F             
                                                                                       B0213a
                                                                                   "
臺北城市科技大學,TAIPEI CITY UNIVERSITY OF SCIENCE AND TECHNOLOGY,,,"一館1F             
                                                                                       B0710
                                                                                   "
長豐紡織科技股份有限公司,"CHANG FONG TEXTILE TECHNOLOGY CO., LTD.",,,"一館1F             
                                                                                       B0624
                                                                                   "
亞東技術學院,ORIENTAL INSTITUTE OF TECHNOLOGY,,,"一館1F             
                                                                                       B0828
                                                                                   "
佑成塑膠股份有限公司,"YOW CHEN PLASTIC CO., LTD",,,"一館1F             
                                                                                       B0407a
                                                                                   "
衡奕精密工業股份有限公司,"TRANSVERSE INDUSTRIES CO., LTD.",Transverse,,"一館1F             
                                                                                       A0132
                                                                                   "
淡江大學,TAMKANG UNIVERSITY,,,"一館1F             
                                                                                       B0915
                                                                                   "
聖約翰科技大學,ST. JOHN'S UNIVERSITY,,,"一館1F             
                                                                                       B0827
                                                                                   "
佑家實業社,"YU-CHIA ENTERPRISE CO.,",,,"一館1F             
                                                                                       A0423a
                                                                                   "
金易植栽行,.,,,"一館1F             
                                                                                       A0321a
                                                                                   "
宇鈞先端材料股份有限公司,"UGIN ADVANCED MATERIAL CO., LTD",,,"一館1F             
                                                                                       A0227a
                                                                                   "
箏風工程有限公司,"JONATHAN LIVINGSTON ENGINEERING CO., LTD.",,,"一館1F             
                                                                                       B0110
                                                                                   "
新冠股份有限公司,NEWAONE CO.LTD,,,"一館1F             
                                                                                       A0303a
                                                                                   "
一之軒創意傢俱有限公司,"I-SONA CREATIVE HOUSEHOLD GOODS FURNITURE CO.,LTD.",,,"一館1F             
                                                                                       A0314
                                                                                   "
烽曜股份有限公司,"FENG YAO CO., LTD",,,"一館1F             
                                                                                       A0208
                                                                                   "
健勤環保科技有限公司,"CKC ENVIRONMENTAL TECHNOLOGY CO.,LTD.",,,"一館1F             
                                                                                       A0426
                                                                                   "
台灣超電素流環保科技有限公司,.,,,"一館1F             
                                                                                       A0224
                                                                                   "
領頭羊創新有限公司,"LEADER YOUNG INNOVATION CO., LTD.",,,"一館1F             
                                                                                       A0138
                                                                                   "
財神爺帆布鐵架(股)公司,"FORTUNE GOD CANVAS FRAME CO., LTD",,,"一館1F             
                                                                                       A0233a
                                                                                   "
私立啟英高級中學,CHI-YING SENIOR HIGH SCHOOL,,,"一館1F             
                                                                                       B0931
                                                                                   "
萬能學校財團法人萬能科技大學,VANUNG UNIVERSITY,,,"一館1F             
                                                                                       B1135
                                                                                   "
中原大學,CHUNG YUAN CHRISTIAN UNIVERSITY,,,"一館1F             
                                                                                       B0810
                                                                                   "
龍華科技大學,LUNGHWA UNIVERSITY OF SCIENCE AND TECHNOLOGY,,,"一館1F             
                                                                                       B1210
                                                                                   "
健行科技大學,CHIEN-HSIN UNIVERSITY OF SCIENCE AND TECHNOLOGY,,,"一館1F             
                                                                                       B1031
                                                                                   "
國立中央大學,NATIONAL CENTRAL UNIVERSITY,,,"一館1F             
                                                                                       B0927
                                                                                   "
黃田發國際專利有限公司,"HUANG,TIAN-FA INTERNATIONAL PATENT ATTONERY CO.,LTD",,,"一館1F             
                                                                                       B0733
                                                                                   "
青淨光能科技有限公司,CHING-JING PHOTONERGY COM. LTD.,,,"一館1F             
                                                                                       A0112
                                                                                   "
世大福智科技股份有限公司,"SEDA G-TECH CO., LTD",,,"一館1F             
                                                                                       A0230
                                                                                   "
元培醫事科技大學,YUANPEI UNIVERSITY OF MEDICAL TECHNOLOGY,,,"一館1F             
                                                                                       B0925
                                                                                   "
頻率科技股份有限公司,QUARTZ FREQUENCY TECHNOLOGY LTD.,QFT,,"一館1F             
                                                                                       B0227a
                                                                                   "
八流木工坊,2486 WOODWORKING SHOP,,,"一館1F             
                                                                                       B0220
                                                                                   "
中華民國傑出發明家交流協會,"OUTSTANDING INVENTOR EXCHANGE ASSOCIATION OF TAIWAN, R.O.C.",,,"一館1F             
                                                                                       A0532
                                                                                   "
國立聯合大學,NATIONAL UNITED UNIVERSITY,,,"一館1F             
                                                                                       B1325
                                                                                   "
仁德醫護管理專科學校,"JEN-TEH JUNIOR COLLEGE OF MEDICINE, NURSING AND MANAGEMENT",,,"一館1F             
                                                                                       B1230
                                                                                   "
逢甲大學,FENG CHIA UNIVERS,,,"一館1F             
                                                                                       B0835
                                                                                   "
修平學校財團法人修平科技大學,HSIUPING UNIVERSITY OF SCIENCE AND TECHNOLOGY,,,"一館1F             
                                                                                       B1032
                                                                                   "
中臺科技大學,CENTRAL TAIWAN UNIVERSITY OF SCIENCE AND TECHNOLOGY,,,"一館1F             
                                                                                       B1036
                                                                                   "
國立臺中科技大學,NATIONAL TAICHUNG UNIVERSITY OF SCIENCE AND TECHNOLOGY,,,"一館1F             
                                                                                       B0922
                                                                                   "
國立中興大學,NATIONAL CHUNG HSING UNIVERSITY,,,"一館1F             
                                                                                       B0738
                                                                                   "
台灣星辰企業股份有限公司,"TAIWAN STAR ENTERPRISES CO., LTD.",,,"一館1F             
                                                                                       B0205
                                                                                   "
嶺東科技大學,LING TUNG UNIVERSITY,,,"一館1F             
                                                                                       B1129
                                                                                   "
富盛能源股份有限公司,FU CHENG ENERGY CO.,,,"一館1F             
                                                                                       A0440
                                                                                   "
小順子國際有限公司,"SWEET SLEEP INTERNATIONAL CO., LTD",小順子止鼾器,,"一館1F             
                                                                                       A0526
                                                                                   "
奕銘國際有限公司,奕銘國際有限公司,,,"一館1F             
                                                                                       A0521a
                                                                                   "
信義機械工程有限公司,"XINYI MACHINERY ENGINEERING CO., LTD",,,"一館1F             
                                                                                       B0224
                                                                                   "
綺思有限公司,CHLOSON,,,"一館1F             
                                                                                       A0210
                                                                                   "
龍門車工有限公司,DRAGON GATE DESIGN. INC,Fun Bike／騎晴電單車,,"一館1F             
                                                                                       A0110
                                                                                   "
麗源光電股份有限公司,"HEATINGTEC CO., LTD",,,"一館1F             
                                                                                       A0333a
                                                                                   "
衛元堂貿易有限公司,"WEI YUAN TANG TRADING CO., LTD",,,"一館1F             
                                                                                       A0522
                                                                                   "
銘壕科技有限公司,"MING HAO TECHNOLOGY CO., LTD.",,,"一館1F             
                                                                                       B0234
                                                                                   "
福爾摩斯綜合病蟲害防治有限公司,HOLMES INTEGRATED PEST MANAGEMENT,,,"一館1F             
                                                                                       A0128
                                                                                   "
艾惟雅國際企業有限公司,"ACCVAL,INC.",,,"一館1F             
                                                                                       A0304
                                                                                   "
台灣奈米濾材科技股份有限公司,"TAIWAN NANO FILTER TECH CO,.LTD",TNF,,"一館1F             
                                                                                       B0405
                                                                                   "
耀寧科技有限公司,"YAO-NING CO.,LTD.",,,"一館1F             
                                                                                       A0307a
                                                                                   "
徠登科技有限公司,.,,,"一館1F             
                                                                                       B0217a
                                                                                   "
佳利德科技股份有限公司,"JIA  LEADER TECHNOLOGY CO., LTD",,,"一館1F             
                                                                                       B0315a
                                                                                   "
亞本國際有限公司,亞本國際有限公司,,,"一館1F             
                                                                                       A0414
                                                                                   "
微笑有限公司,SMILING LTD,,,"一館1F             
                                                                                       A0404
                                                                                   "
日晶企業有限公司,"COFFEE BEAN BEAN CO., LTD.",,,"一館1F             
                                                                                       A0403a
                                                                                   "
豐永環保科技有限公司,"LUXURIANCE ENVIRON. TECH. DEVELOPMENT, CO.",,,"一館1F             
                                                                                       A0216
                                                                                   "
金緯綠建材有限公司,JINWEI GREEN MATERIAL CO,,,"一館1F             
                                                                                       A0316
                                                                                   "
皇芯全球國際股份有限公司,"ARVIN BIO-MEDICAL DEVICES CO., LTD.",,,"一館1F             
                                                                                       B0232
                                                                                   "
優斑馬企業有限公司,AZEBRA CO.,,,"一館1F             
                                                                                       B0413a
                                                                                   "
佳陞國際股份有限公司,"BUDDHA SHENG INTERNATIONAL,LTD",,,"一館1F             
                                                                                       B0509a
                                                                                   "
華展管理顧問有限公司,.,,,"一館1F             
                                                                                       A0416
                                                                                   "
多姿彩有限公司,BIONIC PRIVATE LIMITED,婕諾,,"一館1F             
                                                                                       B0417a
                                                                                   "
豐利電裝有限公司,.,,,"一館1F             
                                                                                       B0514
                                                                                   "
浚浤有限公司,JUN HONG CORPORATION,,,"一館1F             
                                                                                       A0218
                                                                                   "
風格創新科技股份有限公司,"FANGATE CO., LTD.",,,"一館1F             
                                                                                       A0337a
                                                                                   "
崴朗科技有限公司,WEILANG TECHNOLOGY LTD.,,,"一館1F             
                                                                                       B0126
                                                                                   "
翡麗國際有限公司,"FEI LI INTERNATIONAL CO., LTD.",Golden Palace Yan top art care brands 金宮艷頂級藝術保養品牌,,"一館1F             
                                                                                       B0407
                                                                                   "
臻品植萃有限公司,"FINEHERBSOAP CO., LTD",,,"一館1F             
                                                                                       B0414
                                                                                   "
君宥科技有限公司,.,,,"一館1F             
                                                                                       A0140
                                                                                   "
城安瓦斯器材有限公司,"CHENAN GAS APPLIANCE CO., LTD.",,,"一館1F             
                                                                                       A0433a
                                                                                   "
富商國際股份有限公司,"FULL SUN INTERNATIONAL CO.,LTD",,,"一館1F             
                                                                                       A0334
                                                                                   "
柳揚有限公司,.,,,"一館1F             
                                                                                       B0317a
                                                                                   "
弘光科技大學,HUNGKUANG UNIVERSITY,,,"一館1F             
                                                                                       B1023
                                                                                   "
台中市私立致用高級中學,CHIH-YUNG SENIOR HIGH SCHOOL,,,"一館1F             
                                                                                       B1317
                                                                                   "
國立勤益科技大學,NATIONAL CHIN-YI UNIVERSITY OF TECHNOLOGY,,,"一館1F             
                                                                                       B1126
                                                                                   "
中州學校財團法人中州科技大學,CHUNG CHOU UNIVERSITY OF SCIENCE AND TECHNOLOGY,,,"一館1F             
                                                                                       B0822
                                                                                   "
南開科技大學,NAN KAI UNIVERSITY OF TECHNOLOGY,,,"一館1F             
                                                                                       B1030
                                                                                   "
國立虎尾科技大學,NATIONAL FORMOSA UNIVERSITY,,,"一館1F             
                                                                                       B1130
                                                                                   "
吳鳳學校財團法人吳鳳科技大學,WUFENG UNIVERSITY,,,"一館1F             
                                                                                       B0917
                                                                                   "
安德魯紳有限公司,"ANDREWSON CO., LTD.",香腸世家 / Sausage Family; 安德魯紳/Andrewson,,"一館1F             
                                                                                       B0311a
                                                                                   "
怡心工業股份有限公司,SONIC E SING INDUSTRY CO. LTD,E-Sing Electric/Solar energy power-saving water heater,,"一館1F             
                                                                                       B0205a
                                                                                   "
冷研科技有限公司,"DRY ICE TECH CO., LTD",,,"一館1F             
                                                                                       B0415a
                                                                                   "
綠源寶企業有限公司,GREEN RESOURCE,,,"一館1F             
                                                                                       B0105a
                                                                                   "
銳陽光電股份有限公司,RayShine Photonics Corp.,視奧液晶顯示器/TRIO-LCD,,"一館1F             
                                                                                       B0215a
                                                                                   "
遠東科技大學,FAR EAST UNIVERSITY,FAR EAST UNIVERSITY,,"一館1F             
                                                                                       B0926
                                                                                   "
崑山科技大學,KUN SHAN UNIVERSITY,崑山科技大學藝文產業創新育成中心,,"一館1F             
                                                                                       B1234
                                                                                   "
嘉藥學校財團法人嘉南藥理大學,CHIA NAN UNIVERSITY OF PHARMACY & SCIENCE,,,"一館1F             
                                                                                       B1109
                                                                                   "
南臺科技大學,SOUTHERN TAIWAN UNIVERSITY OF SCIENCE AND TECHNOLOGY,,,"一館1F             
                                                                                       B0728
                                                                                   "
總瀛企業股份有限公司,"TZOO YING ENTERPRISE CO., LTD.",,,"一館1F             
                                                                                       B0107a
                                                                                   "
國立高雄應用科技大學 教育部區域產學合作中心,"CENTER FOR REGIONAL INDUSTRY ACADEMIA COLLABORATION, M.O.E. AT KUAS.",,,"一館1F             
                                                                                       B1022
                                                                                   "
建國科技大學,CHIENKUO TECHNOLOGY UNIVERSITY,,,"一館1F             
                                                                                       B0720
                                                                                   "
富正機械廠,FU CHENG MACHINERY COMPANY,,,"一館1F             
                                                                                       B0226
                                                                                   "
朝陽科技大學,CHAOYANG UNIVERSITY OF TECHNOLOGY,中華民國農會農村巧藝特展,,"一館1F             
                                                                                       B1218
                                                                                   "
宣德醫材科技股份有限公司,"CENTER HEALTHCARE TECH CO., LTD.",MOTEX,,"一館1F             
                                                                                       B0128
                                                                                   "
學典科技有限公司,"ASTREE CO., LTD.",樹多精ASTREE；奈諾 INNANOVA,,"一館1F             
                                                                                       B0510
                                                                                   "
四維創新材料股份有限公司,"AVATACK CO., LTD.",Power Max 給力貼,,"一館1F             
                                                                                       B0308
                                                                                   "
奇岩電子股份有限公司,MOAI ELECTRONICS CORPORATION,,,"一館1F             
                                                                                       A0118
                                                                                   "
翔越國際有限公司,"XIANGYUE INTERNATIONAL CO., LTD.",Lily,,"一館1F             
                                                                                       B0319a
                                                                                   "
新貴有限公司,新貴有限公司,,,"一館1F             
                                                                                       B0116
                                                                                   "
金坤實業股份有限公司,GOLDEN CHAMPION INDUSTRIAL LTD.,,,"一館1F             
                                                                                       A0206
                                                                                   "
廣亞學校財團法人育達科技大學,YU DA UNIVERSITY OF SCIENCE AND TECHNOLOGY,,,"一館1F             
                                                                                       B0820
                                                                                   "
財團法人金屬工業研究發展中心,METAL INDUSTRIES RESEARCH AND DEVELOPMENT CENTRE,,,"一館1F             
                                                                                       A0504
                                                                                   "
金門縣消防局,KINMEN COUNTY FIRE BUREAU,,,"一館1F             
                                                                                       A0213a
                                                                                   "
康美斯綠能科技股份有限公司,"COMAXIMA ECO-GREEN TECHNOLOGY CO., LTD.",KLIMA,,"一館1F             
                                                                                       A0309a
                                                                                   "
艾法科技股份有限公司,AIFA TECHNOLOGY CORP.,ATEC,,"一館1F             
                                                                                       A0439a
                                                                                   "
證洋實業有限公司,"ZEN YANGS INDUSTRIAL CO., LTD.",足亦歡.風信子,,"一館1F             
                                                                                       B0201
                                                                                   "
興金屬有限公司,CYUAN SING METAL.LTD,,,"一館1F             
                                                                                       B0207a
                                                                                   "
順基國際有限公司,"SHUN GEI INT'L CO., LTD.",OO屋,,"一館1F             
                                                                                       A0539a
                                                                                   "
賓盛企業有限公司,BIN SHENG ENTERPRISES LTD,,,"一館1F             
                                                                                       B0419a
                                                                                   "
睿福股份有限公司,KEEN PERCEPTION INDUSTRIES INC.,,,"一館1F             
                                                                                       A0204
                                                                                   "
輔英科技大學,FOOYIN UNIVERSITY,,,"一館1F             
                                                                                       B1233
                                                                                   "
正修科技大學,CHENG SHIU UNIVERSITY,正修科技大學育成中心(亞瑪薩國際有限公司),,"一館1F             
                                                                                       B0910
                                                                                   "
磁通磁性科技股份有限公司,MAGTECHMAGNETIC PRODUCTS CORP.,,,"一館1F             
                                                                                       B0307a
                                                                                   "
均利科技股份有限公司,U & U ENGINEERING INC.,,,"一館1F             
                                                                                       B0108
                                                                                   "
青城有限公司,HOTERY,HOTERY,,"一館1F             
                                                                                       A0524
                                                                                   "
國立高雄第一科技大學-教育部區域 產學合作中心,NATIONAL KAOHSIUNG FIRST UNIVERSITY OF SCIENCE AND TECHNOLOGY CENTER OF REGIONAL INDUSTRY,,,"一館1F             
                                                                                       B1134
                                                                                   "
樹德科技大學,SHU-TE UNIVERSITY,,,"一館1F             
                                                                                       B0934
                                                                                   "
國立岡山高級農工職業學校,NATIONAL KANGSHAN AGRICULTURAL & INDUSTRIAL VOCATIONAL SENIOR HIGH SCHOOL,,,"一館1F             
                                                                                       B1232
                                                                                   "
雕薪有限公司,雕薪有限公司,,,"一館1F             
                                                                                       B0422
                                                                                   "
優仕達資訊股份有限公司,"USERSTAR INFORMATION SYSTEM CO., LTD.",KADALOCK,,"一館1F             
                                                                                       B0223a
                                                                                   "
浩綸實業股份有限公司,"PANCYCLE INTERNATIONAL CO., LTD",,,"一館1F             
                                                                                       A0238
                                                                                   "
捷威科技股份有限公司,"MESURE TECHNOLOGY CO., LTD.",,,"一館1F             
                                                                                       A0328
                                                                                   "
大仁科技大學,TAJEN UNIVERSITY,,,"一館1F             
                                                                                       B1028
                                                                                   "
教育部區域產學合作中心-國立屏東科技大學,"MOE REGIONAL INDUSTRY-UNIVERSITY COOPERATION CENTER, NPUST",,,"一館1F             
                                                                                       B1110
                                                                                   "
宏強法律事務所,HONG CHIANG LAW OFFICE,,,"一館1F             
                                                                                       B0522
                                                                                   "
教育部區域產學合作中心-國立臺北科技大學,"NATIONAL TAIPEI UNIVERSITY OF TECHNOLOGY CENTER FOR REGIONAL INDUSTRY-ACADEMIA COOPERATION,",,,"一館1F             
                                                                                       B1220
                                                                                   "
高雄市高雄高工,KAOHSIUNG INDUSTRIAL HIGH SCHOOL,,,"一館1F             
                                                                                       B0818
                                                                                   "
行政院農業委員會 花蓮區農業改良場,"HUALIEN DISRICT AGRICULTURAL RESEARCH AND EXTENSION STATION COUNCIL OF AGRICULTURE,EXTEN",,,"一館1F             
                                                                                       A0126
                                                                                   "
財團法人國家實驗研究院國家地震工程研究中 心,NATIONAL CENTER FOR RESEARCH ON EARTHQUAKE ENGINEERING,,,"一館1F             
                                                                                       A0116
                                                                                   "
全日盈有限公司,"CHUYAN RAH YNG CO., LTD.",家而適強力貼無痕收納,,"一館1F             
                                                                                       B0501a
                                                                                   "
育駿企業有限公司,"E-JIUN ENTERPRISE CO., LTD.",,,"一館1F             
                                                                                       A0534
                                                                                   "
和興國際企業有限公司,"HOPE SONG INTERNATIONAL ENT. CO., LTD.",輝葉,,"一館1F             
                                                                                       A0538
                                                                                   "
政豪興業有限公司,"JENG-HAO ENTERPRISE CO., LTD.",Your Air,,"一館1F             
                                                                                       B0727
                                                                                   "
義誠科技股份有限公司,"IN-TRUST TECHNOLOGY CO., LTD",,,"一館1F             
                                                                                       B0114
                                                                                   "
樹王臺灣檜木精油實業坊,HOLY TREE FORMOSA ESSENZ STUDIO,樹王 / HOLYTREE,,"一館1F             
                                                                                       A0221a
                                                                                   "
曾建榮,"曾建榮, TSENG, CHIEN-JUNG",,,"一館1F             
                                                                                       A0319a
                                                                                   "
陳良二,陳良二,,,"一館1F             
                                                                                       A0317a
                                                                                   "
張銘國,CHANG MING-KUO,,,"一館1F             
                                                                                       B0306
                                                                                   "
許淙慶,"HSU,CHUNG-KING",,,"一館1F             
                                                                                       A0411a
                                                                                   "
陳懷德,.,,,"一館1F             
                                                                                       A0536
                                                                                   "
許東裕,"許東裕, HSU TUNG YU",,,"一館1F             
                                                                                       A0226
                                                                                   "
江旻振,JIANG MIN ZHEN,,,"一館1F             
                                                                                       A0531a
                                                                                   "
方仁穎、江振豪、江振維、周渼玲,.,,,"一館1F             
                                                                                       A0212
                                                                                   "
賴文啟,LAI WEN CHI,,,"一館1F             
                                                                                       B0721
                                                                                   "
張晏慎,"CHANG, YAN-SHEN",,,"一館1F             
                                                                                       A0220
                                                                                   "
楊儒勳,"楊儒勳, YANG, JU-HSUN",,,"一館1F             
                                                                                       A0310
                                                                                   "
賴東顯,賴東顯,,,"一館1F             
                                                                                       A0415a
                                                                                   "
曾珮晶、馬智剛、劉羽芯、吳柏諭,"ZENG,PEI-JING、CHILH,KANG-MA、LIU,YU-XIN",,,"一館1F             
                                                                                       A0313a
                                                                                   "
邱品睿,"QUI, PIN-RUI",,,"一館1F             
                                                                                       A0130
                                                                                   "
許軒杰,IVAN SHEU,,,"一館1F             
                                                                                       A0537a
                                                                                   "
張坤樹,KUN-SHU CHANG,,,"一館1F             
                                                                                       A0527a
                                                                                   "
黃豐裕,"黃豐裕,HUANG FENG-YU",,,"一館1F             
                                                      "
鍾紀培、林純雯、莊明憲,"CHUNG,CHI-PEI、LIN,CHUN-WEN、CHUANG,MING",,,"一館1F             
                                                                                       A0211a
                                                                                   "
謝天傑,"謝天傑, TIAN-JYE, HSIEH",,,"一館1F             
                                                                                       A0320
                                                                                   "
智慧局發明創新館,.,,,"一館1F             
                                                                                       D0425
                                                                                   "
ITEX 2017 MALAYSIA,28TH INTERNATIONAL INVENTION & INNOVATION EXHIBITION,,,"一館1F             
                                                                                       B0527a
                                                                                   "
國防館,MINISTRY OF NATIONAL DEFENSE,,,"一館1F             
                                                                                       D0709
                                                                                   "
教育部館,MINISTRY OF EDUCATION,,,"一館1F             
                                                                                       D0626
                                                                                   "
工業局技術交易館,TAIWAN TECHNOLOGY MARKETPLACE,,,"一館1F             
                                                                                       D0101
                                                                                   "
科技館,MINISTRY OF SCIENCE AND TECHNOLOGY,,,"一館1F             
                                                                                       D0403
                                                                                   "
行政院原子能委員會核能研究所,INSTITUTE OF NUCLEAR ENERGY RESERACH,,,"一館1F             
                                                                                       D0609
                                                                                   "
農業館,AGRICULTURAL PAVILION,,,"一館1F             
                                                                                       D0127
                                                                                   "
中小企業館,SMALL AND MEDIUM ENTERPRISES HALL,,,"一館1F             
                                                                                       D0212
                                                                                   "
經濟部國營事業館,STATE-OWNED ENTERPRISES HALL,,,"一館1F             
                                                                                       A1024
                                                                                   "
傳統產業創新聯盟館,ALLIANCE OF INNOVATION IN TRADITIONAL INDUSTRY,,,"一館1F             
                                                                                       A0606
                                                                                   "
資策會館,III PAVILION,,,"一館1F             
                                                                                       A0630
                                                                                   "
研發聯盟館,ALLIANCE OF R & D,,,"一館1F             
                                                                                       A0620
                                                                                   "
工研院創新前瞻館,ITRI INNOVATIVE TECHNOLOGIES PAVILION,,,"一館1F             
                                                                                       A0612
                                                                                   "
工業局諮詢服務專區,.,,,"一館1F             
                                                                                       B1010
                                                                                   "
黃豐裕,HUANG FENG-YU,,,"一館1F             
                                                                                       B0309a
                                                                                   "
黃沐水,HUANG MU SHUI,,,"一館1F             
                                                                                       B0405a
                                                                                   "
傅遜泰,"FU,HSUN-TAI",,,"一館1F             
                                                                                       A0408
                                                                                   "
周文鴻,"CHOU,WEN-HONG",,,"一館1F             
                                                                                       B0209a
                                                                                   "
陳思穎,"陳思穎,CHEN SSU-YING",,,"一館1F             
                                                                                       B0628
                                                                                   "
翁國禎,翁國禎,,,"一館1F             
                                                                                       A0339a
                                                                                   "
許榮森,RONSON HSU,,,"一館1F             
                                                                                       A0209a
                                                                                   "
黃有宏,"黃有宏,HUANG,YU-HUNG",,,"一館1F             
                                                                                       B0305a
                                                                                   "
黃有宏,"黃有宏, HUANG,YU-HUNG",,,"一館1F             
                                                                                       A0438
                                                                                   "
林鴻賓,"林鴻賓,LIN,HUNG-PIN",,,"一館1F             
                                                                                       A0421a
                                                                                   "
陳維魁,"陳維魁, WEI,KUEI-CHEN",,,"一館1F             
                                                                                       A0327a
                                                                                   "
陳光侯,"陳光侯, CHEN, KUANG-HOU",,,"一館1F             
                                                                                       A0437a
                                                                                   "
周宗平,"CHOU, CHOUNG-PING",,,"一館1F             
                                                                                       A0419a
                                                                                   "
陳宏宇,"CHEN, HUNG-YU",,,"一館1F             
                                                                                       A0318
                                                                                   "
賴國隆,"賴國隆, LAI, KUO-LUNG",,,"一館1F             
                                                                                       A0203a
                                                                                   "
徐福廣,"徐福廣, HSU,FU-KUANG",,,"一館1F             
                                                                                       B0238
                                                                                   "
Questel SAS,QUESTEL SAS,,,"一館1F             
                                                                                       B0526
                                                                                   "
萬方數據(國際)有限公司,WANFANG DATA CORPORATION (INTERNATIONAL) LTD.,,,"一館1F             
                                                                                       B0524
                                                                                   "
謝簡,"謝簡,HSIEH CHIEN",,,"一館1F             
                                                                                       B0207
                                                                                   "
華英傑,"華英傑, HUA,YING-CHIEH",,,"一館1F             
                                                                                       A0417a
                                                                                   "
李皋德、李尚家,"LI,KAO-TE, LI,SHANG-CHIA",,,"一館1F             
                                                                                       A0407a
                                                                                   "
鄧筠錦,"鄧筠錦, YUN-CHIN,TENG",,,"一館1F             
                                                                                       A0413a
                                                                                   "
吳介清,"吳介清, CHIEH-CHING,WU",,,"一館1F             
                                                                                       A0217a
                                                                                   "
趙雨君,"CHAO,YU-CHUN",,,"一館1F             
                                                                                       A0223a
                                                                                   "
陳起恭,"陳起恭, CHEN,CHI-KUNG",,,"一館1F             
                                                                                       A0228
                                                                                   "
董醒華,"DOONG,SHING-HWA",,,"一館1F             
                                                                                       A0340
                                                                                   "
謝勝豐,"謝勝豐, HSIEH, SHENG-FONG",,,"一館1F             
                                                                                       A0215a
                                                                                   "
施純協,"施純協, SHIH,CHUN-HSIEH",,,"一館1F             
                                                                                       B0507
                                                                                   "
宋沛潔、宋佳諭,"宋沛潔、宋佳諭 PEI-CHIEH,SUNG、JIA-YU,SUNG",,,"一館1F             
                                                                                       B0729
                                                                                   "
楊鈞瑞、廖振傑,"楊鈞瑞、廖振傑 YANG,CHUN-JUI、LIAO,CHEN-CHIEH",,,"一館1F             
                                                                                       B0719
                                                                                   "
張法憲,"CHANG,FA-SHIAN",,,"一館1F             
                                                                                       B0632
                                                                                   "
張丕白、江明岳,"CHANG,PI-PAI",,,"一館1F             
                                                                                       B0634
                                                                                   "
蔡瓊瑤,"TSAI,CHYONG- YAU",,,"一館1F             
                                                                                       B0735
                                                                                   "
匠利實業有限公司,"EASY NEW CO., LTD.",,,"一館1F             
                                                                                       B0222
                                                                                   "
佳陞國際股份有限公司,"BUDDHA SHENG INTERNATIONAL,LTD",,,"一館1F             
                                                                                       A0329a
                                                                                   "
佳利德科技股份有限公司,"JIA  LEADER TECHNOLOGY CO., LTD",,,"一館1F             
                                                                                       B0210
                                                                                   "
英商弗凱爾國際有限公司台灣分公司,FACCIR INTERNATIONAL CO.LTD TAIWAN BRANCH,,,"一館1F             
                                                                                       A0305a
                                                                                   "
宇鈞先端材料股份有限公司,"UGIN ADVANCED MATERIAL CO., LTD",,,"一館1F             
                                                                                       B0420
                                                                                   "
國立高雄應用科技大學,NATIONAL KAUHSIUNG UNIVERSITY OF APPLIED SCIENCES,,,"一館1F             
                                                                                       B1127
                                                                                   "
大同生技有限公司,"TATUNG BIOTECHNOLOGY CO., LTD",,,"一館1F             
                                                                                       A0523a
                                                                                   "
Intelectual Property and Innovation Institute (IPI Institute),INTELECTUAL PROPERTY AND INNOVATION INSTITUTE (IPI INSTITUTE),,,"一館1F             
                                                                                       B0528
                                                                                   "
National Research Council of Thailand,NATIONAL RESEARCH COUNCIL OF THAILAND,,,"一館1F             
                                                                                       B0529a
                                                                                   "
IENA 德國紐倫堡國際發明展,"IENA NUREMBERG INTERNATIONAL TRADE FAIR "" IDEAS-INVENTIONS-NEW PRODUCTS""",,,"一館1F             
                                                                                       B0521a
                                                                                   "
INVENTHELP'S INPEX,INVENTHELP'S INPEX,,,"一館1F             
                                                                                       B0523a
                                                                                   "
KOREA INVENTION PROMOTION ASSOCIATION,KOREA INVENTION PROMOTION ASSOCIATION,,,"一館1F             
                                                                                       B0431a
                                                                                   "
台灣中油館,"CPC CORPORATION, TAIWAN",,,"一館1F             
                                                                                       A0924
                                                                                   "
能源館,ENERGY TECHNOLOGIES PAVILION,,,"一館1F             
                                                                                       A1124
                                                                                   "
第二期能源國家型計畫,NATIONAL ENERGY PROGRAM-PHASE II,,,"一館1F             
                                                                                       A0903
                                                                                   "
Association of Polish Inventors and Rationalizers,ASSOCIATION OF POLISH INVENTORS AND RATIONALIZERS,,,"一館1F             
                                                                                       B0423a
                                                                                   "
"INTERNATIONAL INNOVATION CLUB "" ARCHIMEDES"", MOSCOW, RUSSIAFEDERATION","INTERNATIONAL INNOVATION CLUB "" ARCHIMEDES"", MOSCOW, RUSSIAFEDERATION",,,"一館1F             
                                                                                       B0525a
                                                                                   "
日本八王子市,日本八王子市,,,"一館1F             
                                                                                       D0002
                                                                                   "
謝會長貼海報,謝會長貼海報,,,"一館1F             
                                                                                       B0323a
                                                                                   "
陳勝發,"CHEN,SHENG-FA",,,"一館1F             
                                                                                       B0130
                                                                                   "
林必盛,"林必盛, LIN BIH-CHERN",,,"一館1F             
                                                                                       B0112
                                                                                   "
余顯汶,"YU,HSIEN-WEN",,,"一館1F             
                                                                                       A0236
                                                                                   "
邱禹銓,邱禹銓,,,"一館1F             
                                                                                       B0221a
                                                                                   "
江瑜庭,.,,,"一館1F             
                                                                                       A0529a
                                                                                   "
徐子圭、葉崇偉,UK HS AND CW YEH,,,"一館1F             
                                                                                       B0731
                                                                                   "
簡智斌,CHIEN CHIH-PIN,,,"一館1F             
                                                                                       B0124
                                                                                   "
周俊吉,JAMES CHOU,,,"一館1F             
                                                                                       B0219a
                                                                                   "
廖福彰,"LIAO,FU-CHANG",,,"一館1F             
                                                                                       A0312
                                                                                   "
張銀壽,.,,,"一館1F             
                                                                                       A0239a
                                                                                   "
蔡銘,.,,,"一館1F             
                                                                                       A0225a
                                                                                   "
林圳田,"TSUN-TIEN, LIN",,,"一館1F             
                                                                                       A0229a
                                                                                   "
劉威忠,"LIU,WEI-CHUNG",,,"一館1F             
                                                                                       B0314
                                                                                   "
洪奇麟,"HONG,CHI-LIN",,,"一館1F             
                                                                                       B0233a
                                                                                   "
羅習五,"LO, SHI-WU",,,"一館1F             
                                                                                       B0715
                                                                                   "
賴全裕,"LAI, CHANE-YU",,,"一館1F             
                                                                                       A0315a
                                                                                   "
陳建銘,陳建銘,,,"一館1F             
                                                                                       A0325a
                                                                                   "
葉永松,YONG-SONG YEH,,,"一館1F             
                                                                                       A0323a
                                                                                   "
吳國基,吳國基,,,"一館1F             
                                                                                       A0207a
                                                                                   "
陳柄菘,CHEN BINGSONG,,,"一館1F             
                                                                                       A0311a
                                                                                   "
施純青,CHUN-CHING SHIH,,,"一館1F             
                                                                                       A0136
                                                                                   "
蔡彥欣,YEN HSIN CHAI,,,"一館1F             
                                                                                       A0533a
                                                                                   "
劉恩銓,"LIOU, EN-CHIUAN",,,"一館1F             
                                                                                       B0225a
                                                                                   "
粘清富,NIAN CHIN FU,,,"一館1F             
                                                                                       B0236
                                                                                   "
陳奕舟,"CHEN,YI-CHOU",,,"一館1F             
                                                                                       B0237a
                                                                                   "
楊寧泉,"YANG,NING-CHUAN",,,"一館1F             
                                                                                       A0219a
                                                                                   "
宋敏台,"宋敏台, MIN-TAI,SUNG",,,"一館1F             
                                                                                       B0501
                                                                                   "
林文寬,WINKY LIN,,,"一館1F             
                                                                                       A0237a
                                                                                   "
